{
    "accuracy": 72.44897959183673,
    "f1_score_macro": 0.6482896776613993,
    "roc_auc_score_macro": 0.6405251853391534,
    "f1_score_micro": 0.7244897959183674,
    "f1_score_weighted": 0.7027734047119127,
    "roc_auc_score_micro": 0.6405251853391534,
    "roc_auc_score_weighted": 0.6405251853391534,
    "precision": 0.64453125,
    "recall_score": 0.38823529411764707,
    "error": 27.551020408163268,
    "TPR": 0.38823529411764707,
    "TNR": 0.8928150765606596,
    "FNR": 0.611764705882353
}